objectid,scanurl
4902,https://gdiserv.bayern.de/bauleitplanung/
5580,https://gdiserv.bayern.de/bauleitplanung/
7051,https://gdiserv.bayern.de/bauleitplanung/
8187,https://gdiserv.bayern.de/bauleitplanung/
52,http://www.vg-schoellkrippen.de/fileadmin/Dateien/Dateien/Bebauungsplaene/klk_jakobswiesen.pdf
1088,http://markt-goldbach.de/wp-content/uploads/2016/06/S%C3%BCdlich-Dammer-Weg.pdf
20116,https://www.straubing.de/leben/bauen-und-wohnen/bauleitplanverfahren/bebauungsplaene/3083.Bebauungsplaene.html?detID=595
20148,https://www.bogen.de/wirtschaft-und-bauen/bauen-und-wohnen/bebauungsplaene/bebauungsplan-gewerbegebiet-furth
20492,https://www.straubing.de/leben/bauen-und-wohnen/bauleitplanverfahren/bebauungsplaene/3083.Bebauungsplaene.html?detID=581
20507,https://www.straubing.de/leben/bauen-und-wohnen/bauleitplanverfahren/bebauungsplaene/3083.Bebauungsplaene.html?detID=580
20541,https://www.straubing.de/leben/bauen-und-wohnen/bauleitplanverfahren/bebauungsplaene/3083.Bebauungsplaene.html?detID=570
18521,http://www.landratsamt-roth.de/ftpdata/blplan/roth_ortsteile/576143_B6_000_001.pdf
18544,http://www.landratsamt-roth.de/ftpdata/blplan/roth/576143_vBPR_000_001.pdf
18770,http://www.landratsamt-roth.de/ftpdata/blplan/roth_ortsteile/576143_Be2_000_001.pdf
4968,Dieser Bebauungsplan wurde noch nicht eingescannt
5161,http://www.landkreis-landshut.de/Bebauungsplaene/Bruckberg/Metzgeracker/Metzgeracker/Legende.pdf
5206,http://www.landkreis-landshut.de/Bebauungsplaene/Geisenhausen/Sondergebiet_Bauhof/Sondergebiet_Bauhof/Legende.pdf
16115,http://www.neustadt-aisch.de/sites/gensite.asp?SID=cms070820121337414109765&Art=198
2940,http://www.kitzingen.de/m_30861
3324,http:
3678,http://www.kitzingen.de/m_30798
4790,https://okgis.osrz-akdb.de/abg/downloads/bplan/09772_121_032_000/Festsetzungen.pdf
4792,https://okgis.osrz-akdb.de/abg/downloads/bplan/09772_121_010_000/Festsetzungen.pdf
4794,https://okgis.osrz-akdb.de/abg/downloads/bplan/09772_121_026_000/Festsetzungen.pdf
4799,https://okgis.osrz-akdb.de/abg/downloads/bplan/09772_171_051_000/Festsetzungen.pdf
4800,https://gdiserv.bayern.de/bauleitplanung/
4801,https://okgis.osrz-akdb.de/abg/downloads/bplan/09772_177_072_000/Festsetzungen.pdf
4806,https://gdiserv.bayern.de/bauleitplanung/
4807,https://gdiserv.bayern.de/bauleitplanung/
4812,https://gdiserv.bayern.de/bauleitplanung/
4814,https://okgis.osrz-akdb.de/abg/downloads/bplan/09772_177_066_000/Festsetzungen.pdf
4815,https://okgis.osrz-akdb.de/abg/downloads/bplan/09772_177_001_000/Festsetzungen.pdf
4820,https://okgis.osrz-akdb.de/abg/downloads/bplan/09772_177_047_000/Festsetzungen.pdf
4821,https://okgis.osrz-akdb.de/abg/downloads/bplan/09772_177_004_000/Festsetzungen.pdf
4823,https://okgis.osrz-akdb.de/abg/downloads/bplan/09772_177_064_000/Festsetzungen.pdf
4825,https://okgis.osrz-akdb.de/abg/downloads/bplan/09772_177_059_000/Festsetzungen_m2Ä.pdf
4827,https://okgis.osrz-akdb.de/abg/downloads/bplan/09772_207_029_000/Festsetzungen.pdf
4829,https://gdiserv.bayern.de/bauleitplanung/
4831,https://gdiserv.bayern.de/bauleitplanung/
4833,https://gdiserv.bayern.de/bauleitplanung/
4834,https://gdiserv.bayern.de/bauleitplanung/
4835,https://gdiserv.bayern.de/bauleitplanung/
4836,https://gdiserv.bayern.de/bauleitplanung/
4839,https://gdiserv.bayern.de/bauleitplanung/
4841,https://gdiserv.bayern.de/bauleitplanung/
4842,https://gdiserv.bayern.de/bauleitplanung/
4843,https://gdiserv.bayern.de/bauleitplanung/
4845,https://gdiserv.bayern.de/bauleitplanung/
4846,https://gdiserv.bayern.de/bauleitplanung/
4847,https://gdiserv.bayern.de/bauleitplanung/
4848,https://gdiserv.bayern.de/bauleitplanung/
4849,https://gdiserv.bayern.de/bauleitplanung/
4850,https://gdiserv.bayern.de/bauleitplanung/
4852,https://gdiserv.bayern.de/bauleitplanung/
4854,https://gdiserv.bayern.de/bauleitplanung/
4855,https://gdiserv.bayern.de/bauleitplanung/
4856,https://gdiserv.bayern.de/bauleitplanung/
4857,https://gdiserv.bayern.de/bauleitplanung/
4858,https://gdiserv.bayern.de/bauleitplanung/
4861,https://gdiserv.bayern.de/bauleitplanung/
4862,https://gdiserv.bayern.de/bauleitplanung/
4863,https://gdiserv.bayern.de/bauleitplanung/
4864,https://gdiserv.bayern.de/bauleitplanung/
4867,https://gdiserv.bayern.de/bauleitplanung/
4868,https://gdiserv.bayern.de/bauleitplanung/
4870,https://gdiserv.bayern.de/bauleitplanung/
4871,https://gdiserv.bayern.de/bauleitplanung/
4872,https://gdiserv.bayern.de/bauleitplanung/
4873,https://gdiserv.bayern.de/bauleitplanung/
4874,https://gdiserv.bayern.de/bauleitplanung/
4875,https://gdiserv.bayern.de/bauleitplanung/
4876,https://gdiserv.bayern.de/bauleitplanung/
4877,https://gdiserv.bayern.de/bauleitplanung/
4878,https://gdiserv.bayern.de/bauleitplanung/
4879,https://gdiserv.bayern.de/bauleitplanung/
4880,https://gdiserv.bayern.de/bauleitplanung/
4881,https://gdiserv.bayern.de/bauleitplanung/
4882,https://gdiserv.bayern.de/bauleitplanung/
4885,https://gdiserv.bayern.de/bauleitplanung/
4886,https://gdiserv.bayern.de/bauleitplanung/
4887,https://gdiserv.bayern.de/bauleitplanung/
4889,https://gdiserv.bayern.de/bauleitplanung/
4891,https://gdiserv.bayern.de/bauleitplanung/
4893,https://gdiserv.bayern.de/bauleitplanung/
4894,https://gdiserv.bayern.de/bauleitplanung/
4900,https://gdiserv.bayern.de/bauleitplanung/
4901,https://gdiserv.bayern.de/bauleitplanung/
4903,https://gdiserv.bayern.de/bauleitplanung/
4905,https://gdiserv.bayern.de/bauleitplanung/
4906,https://gdiserv.bayern.de/bauleitplanung/
4910,https://gdiserv.bayern.de/bauleitplanung/
5445,https://okgis.osrz-akdb.de/abg/downloads/bplan/09772_115_034_000/Festsetzungen.pdf
5446,https://okgis.osrz-akdb.de/abg/downloads/bplan/09772_115_052_000/Festsetzungen.pdf
5449,https://okgis.osrz-akdb.de/abg/downloads/bplan/09772_115_037_000/Festsetzungen.pdf
5451,https://okgis.osrz-akdb.de/abg/downloads/bplan/09772_115_057_000/Festsetzungen.pdf
5452,https://okgis.osrz-akdb.de/abg/downloads/bplan/09772_115_033_000/Festsetzungen.pdf
5453,https://okgis.osrz-akdb.de/abg/downloads/bplan/09772_115_018_000/Festsetzungen.pdf
5454,https://okgis.osrz-akdb.de/abg/downloads/bplan/09772_115_046_000/Festsetzungen.pdf
5455,https://okgis.osrz-akdb.de/abg/downloads/bplan/09772_115_029_000/Festsetzungen.pdf
5456,https://okgis.osrz-akdb.de/abg/downloads/bplan/09772_115_044_000/Festsetzungen.pdf
5457,https://okgis.osrz-akdb.de/abg/downloads/bplan/09772_115_050_000/Festsetzungen.pdf
5459,https://okgis.osrz-akdb.de/abg/downloads/bplan/09772_115_032_000/Festsetzungen.pdf
5460,https://okgis.osrz-akdb.de/abg/downloads/bplan/09772_115_012_000/Festsetzungen.pdf
5461,https://okgis.osrz-akdb.de/abg/downloads/bplan/09772_216_016_000/Festsetzungen.pdf
5462,https://okgis.osrz-akdb.de/abg/downloads/bplan/09772_115_051_000/Festsetzungen.pdf
5464,https://okgis.osrz-akdb.de/abg/downloads/bplan/09772_216_032_000/Festsetzungen.pdf
5465,https://okgis.osrz-akdb.de/abg/downloads/bplan/09772_216_044_000/Festsetzungen.pdf
5466,https://okgis.osrz-akdb.de/abg/downloads/bplan/09772_216_025_000/Festsetzungen.pdf
5467,https://okgis.osrz-akdb.de/abg/downloads/bplan/09772_216_038_000/Festsetzungen.pdf
5470,https://okgis.osrz-akdb.de/abg/downloads/bplan/09772_216_035_000/Festsetzungen.pdf
5471,https://okgis.osrz-akdb.de/abg/downloads/bplan/09772_115_031_000/Festsetzungen.pdf
5474,https://okgis.osrz-akdb.de/abg/downloads/bplan/09772_137_010_000/Festsetzungen.pdf
5477,https://okgis.osrz-akdb.de/abg/downloads/bplan/09772_137_006_000/Festsetzungen.pdf
5479,https://okgis.osrz-akdb.de/abg/downloads/bplan/09772_137_004_000/Festsetzungen.pdf
5481,https://okgis.osrz-akdb.de/abg/downloads/bplan/09772_156_009_000/Festsetzungen.pdf
5482,https://okgis.osrz-akdb.de/abg/downloads/bplan/09772_156_004_000/Festsetzungen.pdf
5492,https://okgis.osrz-akdb.de/abg/downloads/bplan/09772_156_015_000/Festsetzungen.pdf
5493,https://okgis.osrz-akdb.de/abg/downloads/bplan/09772_156_020_000/Lauterbrunn - Postweg-Plan+Text.pdf
5494,https://okgis.osrz-akdb.de/abg/downloads/bplan/09772_145_033_000/Festsetzungen.pdf
5496,https://okgis.osrz-akdb.de/abg/downloads/bplan/09772_156_021_000/Festsetzungen.pdf
5498,https://okgis.osrz-akdb.de/abg/downloads/bplan/09772_145_024_000/Festsetzungen.pdf
5504,https://okgis.osrz-akdb.de/abg/downloads/bplan/09772_121_025_000/Festsetzungen.pdf
5508,https://okgis.osrz-akdb.de/abg/downloads/bplan/09772_121_024_000/Festsetzungen.pdf
5509,https://okgis.osrz-akdb.de/abg/downloads/bplan/09772_147_086_000/Festsetzungen.pdf
5511,https://okgis.osrz-akdb.de/abg/downloads/bplan/09772_145_014_000/Festsetzungen.pdf
5512,https://okgis.osrz-akdb.de/abg/downloads/bplan/09772_145_004_000/Festsetzungen.pdf
5513,https://okgis.osrz-akdb.de/abg/downloads/bplan/09772_145_005_000/Festsetzungen.pdf
5515,https://okgis.osrz-akdb.de/abg/downloads/bplan/09772_145_030_000/Festsetzungen.pdf
5516,https://okgis.osrz-akdb.de/abg/downloads/bplan/09772_171_041_000/Festsetzungen.pdf
5517,https://okgis.osrz-akdb.de/abg/downloads/bplan/09772_145_034_000/Festsetzungen.pdf
5522,https://okgis.osrz-akdb.de/abg/downloads/bplan/09772_171_008_000/Festsetzungen.pdf
5523,https://okgis.osrz-akdb.de/abg/downloads/bplan/09772_171_010_000/Festsetzungen.pdf
5524,https://okgis.osrz-akdb.de/abg/downloads/bplan/09772_171_042_000/Festsetzungen.pdf
5526,https://okgis.osrz-akdb.de/abg/downloads/bplan/09772_171_046_000/Festsetzungen.pdf
5528,https://okgis.osrz-akdb.de/abg/downloads/bplan/09772_171_036_000/Festsetzungen.pdf
5529,https://okgis.osrz-akdb.de/abg/downloads/bplan/09772_171_035_000/Festsetzungen.pdf
5531,https://okgis.osrz-akdb.de/abg/downloads/bplan/09772_171_053_000/Festsetzungen.pdf
5532,https://okgis.osrz-akdb.de/abg/downloads/bplan/09772_171_016_000/Festsetzungen.pdf
5538,https://gdiserv.bayern.de/bauleitplanung/
5539,https://okgis.osrz-akdb.de/abg/downloads/bplan/09772_171_033_000/Festsetzungen.pdf
5540,https://okgis.osrz-akdb.de/abg/downloads/bplan/09772_171_037_000/Festsetzungen.pdf
5541,https://okgis.osrz-akdb.de/abg/downloads/bplan/09772_171_013_000/Festsetzungen.pdf
5545,https://okgis.osrz-akdb.de/abg/downloads/bplan/09772_171_011_000/Festsetzungen.pdf
5546,https://okgis.osrz-akdb.de/abg/downloads/bplan/09772_171_017_000/Festsetzungen.pdf
5547,https://gdiserv.bayern.de/bauleitplanung/
5549,https://gdiserv.bayern.de/bauleitplanung/
5553,https://gdiserv.bayern.de/bauleitplanung/
5554,https://gdiserv.bayern.de/bauleitplanung/
5557,https://gdiserv.bayern.de/bauleitplanung/
5562,https://gdiserv.bayern.de/bauleitplanung/
5563,https://gdiserv.bayern.de/bauleitplanung/
5564,https://gdiserv.bayern.de/bauleitplanung/
5565,https://gdiserv.bayern.de/bauleitplanung/
5566,https://gdiserv.bayern.de/bauleitplanung/
5567,https://gdiserv.bayern.de/bauleitplanung/
5574,https://gdiserv.bayern.de/bauleitplanung/
5575,https://gdiserv.bayern.de/bauleitplanung/
5577,https://gdiserv.bayern.de/bauleitplanung/
5578,https://gdiserv.bayern.de/bauleitplanung/
5581,https://gdiserv.bayern.de/bauleitplanung/
5582,https://gdiserv.bayern.de/bauleitplanung/
5584,https://gdiserv.bayern.de/bauleitplanung/
5585,https://gdiserv.bayern.de/bauleitplanung/
5587,https://gdiserv.bayern.de/bauleitplanung/
5589,https://gdiserv.bayern.de/bauleitplanung/
5590,https://gdiserv.bayern.de/bauleitplanung/
5591,https://gdiserv.bayern.de/bauleitplanung/
5593,https://gdiserv.bayern.de/bauleitplanung/
5594,https://gdiserv.bayern.de/bauleitplanung/
5596,https://gdiserv.bayern.de/bauleitplanung/
5597,https://gdiserv.bayern.de/bauleitplanung/
5599,https://gdiserv.bayern.de/bauleitplanung/
5600,https://gdiserv.bayern.de/bauleitplanung/
5601,https://gdiserv.bayern.de/bauleitplanung/
5602,https://gdiserv.bayern.de/bauleitplanung/
5603,https://gdiserv.bayern.de/bauleitplanung/
5604,https://gdiserv.bayern.de/bauleitplanung/
5605,https://gdiserv.bayern.de/bauleitplanung/
5608,https://gdiserv.bayern.de/bauleitplanung/
5610,https://gdiserv.bayern.de/bauleitplanung/
5612,https://gdiserv.bayern.de/bauleitplanung/
5614,https://gdiserv.bayern.de/bauleitplanung/
5615,https://gdiserv.bayern.de/bauleitplanung/
5616,https://gdiserv.bayern.de/bauleitplanung/
5617,https://gdiserv.bayern.de/bauleitplanung/
5619,https://gdiserv.bayern.de/bauleitplanung/
5620,https://gdiserv.bayern.de/bauleitplanung/
5622,https://gdiserv.bayern.de/bauleitplanung/
5623,https://gdiserv.bayern.de/bauleitplanung/
5626,https://gdiserv.bayern.de/bauleitplanung/
5627,https://gdiserv.bayern.de/bauleitplanung/
5629,https://gdiserv.bayern.de/bauleitplanung/
5632,https://gdiserv.bayern.de/bauleitplanung/
5634,https://gdiserv.bayern.de/bauleitplanung/
5635,https://gdiserv.bayern.de/bauleitplanung/
5638,https://gdiserv.bayern.de/bauleitplanung/
5639,https://gdiserv.bayern.de/bauleitplanung/
5640,https://gdiserv.bayern.de/bauleitplanung/
5645,https://gdiserv.bayern.de/bauleitplanung/
5647,https://gdiserv.bayern.de/bauleitplanung/
5648,https://gdiserv.bayern.de/bauleitplanung/
5649,https://gdiserv.bayern.de/bauleitplanung/
5655,https://gdiserv.bayern.de/bauleitplanung/
5656,https://gdiserv.bayern.de/bauleitplanung/
5657,https://gdiserv.bayern.de/bauleitplanung/
5658,https://gdiserv.bayern.de/bauleitplanung/
0,http://www.terragis.de/alzenau/docs/bplan/pdf/BG_Kuehbengel_Schulacker_A1.pdf
2,Dieser Bebauungsplan wurde noch nicht eingescannt
3,http://www.terragis.de/alzenau/docs/bplan/pdf/BP_0116_Rother_Strauch.pdf
6,http://www.terragis.de/alzenau/docs/bplan/pdf/Maerkerstrasse.pdf
10,http://www.terragis.de/alzenau/docs/bplan/pdf/Am_Speichenbach_SO.pdf
12,http://www.terragis.de/alzenau/docs/bplan/pdf/BPlan_Am_Spital.pdf
4257,http://www.hemhofen.de/export/download.php?id=1556&lang=de&type=download&object=1556
4260,http://www.hemhofen.de/export/download.php?id=1396&lang=de&type=download&object=1396
4262,http://www.hemhofen.de/export/download.php?id=2226&lang=de&type=download&object=2226
4263,http://www.hemhofen-gemeinde.de/export/download.php?id=1538&lang=de&type=download&object=1538
5106,http://www.landkreis-landshut.de/Bebauungsplaene/Eching/An_der_Kirche/An_der_Kirche/Legende.pdf
5112,http://www.landkreis-landshut.de/Bebauungsplaene/Eching/Schmiedfeld_OT_Berghofen/Schmiedfeld_OT_Berghofen/Legende.pdf
5115,http://www.landkreis-landshut.de/Bebauungsplaene/Eching/GE-Hanselmuehle-Point_3/GE-Hanselmuehle-Point_3/Legende.pdf
5118,http://www.landkreis-landshut.de/Bebauungsplaene/Eching/GE_Muehlenstrasse/GE_Muehlenstrasse/Legende.pdf
5120,"http://www.landkreis-landshut.de/Bebauungsplaene/Eching/Kronwinkl,Thaler_Strasse/Kronwinkl,Thaler_Strasse/Legende.pdf"
5123,http://www.landkreis-landshut.de/Bebauungsplaene/Eching/SO_Bestattungswald_Kronwinkl/SO_Bestattungswald_Kronwinkl/Legende.pdf
5131,http://www.landkreis-landshut.de/Bebauungsplaene/Eching/An_der_kleinen_Sempt-Erweiterung/An_der_kleinen_Sempt-Erweiterung/Legende.pdf
5132,http://www.landkreis-landshut.de/Bebauungsplaene/Eching/Am_Sportplatz/Am_Sportplatz/Legende.pdf
5133,http://www.landkreis-landshut.de/Bebauungsplaene/Eching/Feuerwehrgeraetehaus_mit_Bauhof/Feuerwehrgeraetehaus_mit_Bauhof/Legende.pdf
5135,http://www.landkreis-landshut.de/Bebauungsplaene/Eching/Schapolterau/Schapolterau/Legende.pdf
5136,http://www.landkreis-landshut.de/Bebauungsplaene/Eching/Kiesgrubenfeld/Kiesgrubenfeld/Legende.pdf
5140,http://www.landkreis-landshut.de/Bebauungsplaene/Bruckberg/Jaegerstrasse-Isarstrasse_Aussenbereichssatzung/Jaegerstrasse-Isarstrasse_Aussenbereichssatzung/Legende.pdf
5141,http://www.landkreis-landshut.de/Bebauungsplaene/Bruckberg/Sondergebiet_Photovoltaik-Freiflaechenanlage_An_der_Weidenstrasse/Sondergebiet_Photovoltaik-Freiflaechenanlage_An_der_Weidenstrasse/Legende.pdf
5144,http://www.landkreis-landshut.de/Bebauungsplaene/Bruckberg/GE_Edlkofen_Sued-West/GE_Edlkofen_Sued-West/Legende.pdf
5145,http://www.landkreis-landshut.de/Bebauungsplaene/Bruckberg/GE_Edlkofen_Sued-West_II/GE_Edlkofen_Sued-West_II/Legende.pdf
5146,http://www.landkreis-landshut.de/Bebauungsplaene/Adlkofen/Fehlende_Legende/Legende.pdf
5148,http://www.landkreis-landshut.de/Bebauungsplaene/Bruckberg/Edlkofen-An_der_Moosburger_Strasse/Edlkofen-An_der_Moosburger_Strasse/Legende.pdf
5151,http://www.landkreis-landshut.de/Bebauungsplaene/Bruckberg/GE_Edlkofen_II/GE_Edlkofen_II/Legende.pdf
5154,http://www.landkreis-landshut.de/Bebauungsplaene/Bruckberg/Edlkofen_Einbeziehungssatzung/Edlkofen_Einbeziehungssatzung/Legende.pdf
5155,http://www.landkreis-landshut.de/Bebauungsplaene/Bruckberg/Ladehofstrasse-West/Ladehofstrasse-West/Legende.pdf
5157,http://www.landkreis-landshut.de/Bebauungsplaene/Bruckberg/Kapellenviertel_Einbeziehungssatzung/Kapellenviertel_Einbeziehungssatzung/Legende.pdf
5158,http://www.landkreis-landshut.de/Bebauungsplaene/Bruckberg/Westermoosweg/Westermoosweg/Legende.pdf
5159,http://www.landkreis-landshut.de/Bebauungsplaene/Bruckberg/Altenpflegeheim_Bruckberg_mit_betreutem_Wohnen/Altenpflegeheim_Bruckberg_mit_betreutem_Wohnen/Legende.pdf
5160,http://www.landkreis-landshut.de/Bebauungsplaene/Bruckberg/An_der_Laschstrasse/An_der_Laschstrasse/Legende.pdf
5163,http://www.landkreis-landshut.de/Bebauungsplaene/Kumhausen/GE_Hachelstuhl/GE_Hachelstuhl/Legende.pdf
5164,http://www.landkreis-landshut.de/Bebauungsplaene/Tiefenbach/Klarstellungs-und_Ergaenzungssatzung_Guetersdorf/Klarstellungs-und_Ergaenzungssatzung_Guetersdorf/Legende.pdf
5165,http://www.landkreis-landshut.de/Bebauungsplaene/Tiefenbach/Zweikirchen_Sued/Zweikirchen_Sued/Legende.pdf
5166,http://www.landkreis-landshut.de/Bebauungsplaene/Kumhausen/Grammelkam-Am_Waldrand/Grammelkam-Am_Waldrand/Legende.pdf
5167,http://www.landkreis-landshut.de/Bebauungsplaene/Tiefenbach/Ortsrand_Zweikirchen/Ortsrand_Zweikirchen/Legende.pdf
5168,http://www.landkreis-landshut.de/Bebauungsplaene/Tiefenbach/Ast_Ortskern/Ast_Ortskern/Legende.pdf
5169,http://www.landkreis-landshut.de/Bebauungsplaene/Kumhausen/Grammelkam_Nord/Grammelkam_Nord/Legende.pdf
5170,http://www.landkreis-landshut.de/Bebauungsplaene/Tiefenbach/Freiflaechenphotovoltaikanlage_Zweikirchen/Freiflaechenphotovoltaikanlage_Zweikirchen/Legende.pdf
5171,http://www.landkreis-landshut.de/Bebauungsplaene/Kumhausen/Walpersdorfer_Strasse_II/Walpersdorfer_Strasse_II/Legende.pdf
5172,http://www.landkreis-landshut.de/Bebauungsplaene/Tiefenbach/Zweikirchen-Am_Weinberg/Zweikirchen-Am_Weinberg/Legende.pdf
5173,http://www.landkreis-landshut.de/Bebauungsplaene/Tiefenbach/Freiflaechenphotovoltaikanlage_Weiherhaeuser/Freiflaechenphotovoltaikanlage_Weiherhaeuser/Legende.pdf
5176,http://www.landkreis-landshut.de/Bebauungsplaene/Tiefenbach/Heidenkam_Ortsteil/Heidenkam_Ortsteil/Legende.pdf
5177,http://www.landkreis-landshut.de/Bebauungsplaene/Eching/Viecht-Neuhof/Viecht-Neuhof/Legende.pdf
5178,http://www.landkreis-landshut.de/Bebauungsplaene/Eching/Viecht-Sued-Erweiterung/Viecht-Sued-Erweiterung/Legende.pdf
5180,http://www.landkreis-landshut.de/Bebauungsplaene/Tiefenbach/Freiflaechenphotovoltaikanlage_Binsham-Erweiterung/Freiflaechenphotovoltaikanlage_Binsham-Erweiterung/Legende.pdf
5181,http://www.landkreis-landshut.de/Bebauungsplaene/Tiefenbach/Freiflaechenphotovoltaikanlage-Binsham_Teilabschnitt_SO_01-04/Freiflaechenphotovoltaikanlage-Binsham_Teilabschnitt_SO_01-04/Legende.pdf
5183,http://www.landkreis-landshut.de/Bebauungsplaene/Tiefenbach/Tiefenbach_Ortskern/Tiefenbach_Ortskern/Legende.pdf
5184,http://www.landkreis-landshut.de/Bebauungsplaene/Tiefenbach/Freiflaechenphotovoltaikanlage-Binsham_Teilabschnitt_SO_05/Freiflaechenphotovoltaikanlage-Binsham_Teilabschnitt_SO_05/Legende.pdf
5185,http://www.landkreis-landshut.de/Bebauungsplaene/Kumhausen/Preisenberg_IV/Preisenberg_IV/Legende.pdf
5187,http://www.landkreis-landshut.de/Bebauungsplaene/Kumhausen/Preisenberg_V/Preisenberg_V/Legende.pdf
5188,http://www.landkreis-landshut.de/Bebauungsplaene/Tiefenbach/Obergolding_Keilberg-Ueberarbeitung/Obergolding_Keilberg-Ueberarbeitung/Legende.pdf
5190,http://www.landkreis-landshut.de/Bebauungsplaene/Kumhausen/Preisenberg_VI/Preisenberg_VI/Legende.pdf
5191,http://www.landkreis-landshut.de/Bebauungsplaene/Kumhausen/Westlich_der_Schule/Westlich_der_Schule/Legende.pdf
5192,http://www.landkreis-landshut.de/Bebauungsplaene/Tiefenbach/Obergolding_Feldweg/Obergolding_Feldweg/Legende.pdf
5199,http://www.landkreis-landshut.de/Bebauungsplaene/Tiefenbach/Schlossberg/Schlossberg/Legende.pdf
5203,http://www.landkreis-landshut.de/Bebauungsplaene/Geisenhausen/Sondergebiet_Sportanlagen/Sondergebiet_Sportanlagen/Legende.pdf
5209,http://www.landkreis-landshut.de/Bebauungsplaene/Kumhausen/Klarstellungs-und_Einbeziehungssatzung_Mantelkam/Klarstellungs-und_Einbeziehungssatzung_Mantelkam/Legende.pdf
5210,http://www.landkreis-landshut.de/Bebauungsplaene/Geisenhausen/Rampoldsdorfer_Feld/Rampoldsdorfer_Feld/Legende.pdf
5217,http://www.landkreis-landshut.de/Bebauungsplaene/Geisenhausen/Pfarrfeld_Erweiterung/Pfarrfeld_Erweiterung/Legende.pdf
5218,http://www.landkreis-landshut.de/Bebauungsplaene/Geisenhausen/Oestlich_der_Salksdorfer_Strasse/Oestlich_der_Salksdorfer_Strasse/Legende.pdf
5219,http://www.landkreis-landshut.de/Bebauungsplaene/Geisenhausen/Kreuzfeld_Erweiterung_V/Kreuzfeld_Erweiterung_V/Legende.pdf
5220,http://www.landkreis-landshut.de/Bebauungsplaene/Kumhausen/Walpersdorfer_Strasse/Walpersdorfer_Strasse/Legende.pdf
5222,http://www.landkreis-landshut.de/Bebauungsplaene/Kumhausen/Obergangkofen-Dorfanger/Obergangkofen-Dorfanger/Legende.pdf
5226,http://www.landkreis-landshut.de/Bebauungsplaene/Kumhausen/Eierkam/Eierkam/Legende.pdf
5228,http://www.landkreis-landshut.de/Bebauungsplaene/Adlkofen/Fehlende_Legende/Legende.pdf
5231,http://www.landkreis-landshut.de/Bebauungsplaene/Kumhausen/Hohenegglkofen-westlicher_Anger/Hohenegglkofen-westlicher_Anger/Legende.pdf
5232,http://www.landkreis-landshut.de/Bebauungsplaene/Geisenhausen/Photovoltaikanlage_Stockberg/Photovoltaikanlage_Stockberg/Legende.pdf
5234,http://www.landkreis-landshut.de/Bebauungsplaene/Geisenhausen/GE_Vilsbiburger_Strasse/GE_Vilsbiburger_Strasse/Legende.pdf
5236,http://www.landkreis-landshut.de/Bebauungsplaene/Vilsbiburg/Solarpark_Karwill/Solarpark_Karwill/Legende.pdf
5238,http://www.landkreis-landshut.de/Bebauungsplaene/Vilsbiburg/Seyboldsdorf_Pfaffenoed_Nord/Seyboldsdorf_Pfaffenoed_Nord/Legende.pdf
5239,http://www.landkreis-landshut.de/Bebauungsplaene/Gerzen/Lichtenhaag-Schlossfeld/Lichtenhaag-Schlossfeld/Legende.pdf
5242,http://www.landkreis-landshut.de/Bebauungsplaene/Kroening/Dietelskirchen-Nord_Bauabschnitt_I/Dietelskirchen-Nord_Bauabschnitt_I/Legende.pdf
5243,http://www.landkreis-landshut.de/Bebauungsplaene/Kroening/Dietelskirchen/Dietelskirchen/Legende.pdf
5245,http://www.landkreis-landshut.de/Bebauungsplaene/Geisenhausen/Helmsau/Helmsau/Legende.pdf
5246,http://www.landkreis-landshut.de/Bebauungsplaene/Adlkofen/SO_Biogasanlage_Oberpettenbach/SO_Biogasanlage_Oberpettenbach/Legende.pdf
5249,http://www.landkreis-landshut.de/Bebauungsplaene/Schalkham/Sondergebiet_Waldfriedhof_Schalkham_Teilabschnitt_I/Sondergebiet_Waldfriedhof_Schalkham_Teilabschnitt_I/Legende.pdf
5250,http://www.landkreis-landshut.de/Bebauungsplaene/Schalkham/Hanglbergeracker/Hanglbergeracker/Legende.pdf
5251,http://www.landkreis-landshut.de/Bebauungsplaene/Schalkham/Hanglbergeracker/Hanglbergeracker_D1/Legende.pdf
5252,http://www.landkreis-landshut.de/Bebauungsplaene/Schalkham/GE_Leberskirchen/GE_Leberskirchen/Legende.pdf
5253,http://www.landkreis-landshut.de/Bebauungsplaene/Gerzen/Brunnad/Brunnad/Legende.pdf
5255,http://www.landkreis-landshut.de/Bebauungsplaene/Aham/Freiflaechenphotovoltaikanlage_Bergfeld/Freiflaechenphotovoltaikanlage_Bergfeld/Legende.pdf
77,Dieser Bebauungsplan wurde noch nicht eingescannt
17594,http://www.kreis-nm.de/bplaene/berg/Gewerbegebiet%20Meilenhofen%20Ost.pdf
17599,http://www.kreis-nm.de/bplaene/berg/Unter%C3%B6lsbach%20Ludwigs-Kanalstra%C3%9Fe.pdf
17602,http://www.kreis-nm.de/bplaene/Berg/Im%20See%20II.pdf
5609,https://gdiserv.bayern.de/bauleitplanung/
6326,https://gdiserv.bayern.de/bauleitplanung/
8179,https://gdiserv.bayern.de/bauleitplanung/
24109,https://www.dillingen-donau.de/leben/bauen/bebauungsplaene
528,Dieser Bebauungsplan wurde noch nicht eingescannt
536,Dieser Bebauungsplan wurde noch nicht eingescannt
1086,http://www.aschaffenburg.de/dokumente/Buerger-in-Aschaffenburg/Dateiordner-Bebauungsplaene/20_07_Auf_BPl.pdf
1771,http://www.aschaffenburg.de/dokumente/Buerger-in-Aschaffenburg/Dateiordner-Bebauungsplaene/17_05_Auf_BPl.pdf
2775,http://gis.kreis-mil.de/bpl/Kleinwallstadt/Sportgelaende_Wuestdelle/Festsetzungen.pdf
3107,http://gis.kreis-mil.de/bpl/Moemlingen/Kleingartenanlage_im_Amorbachtal/Festsetzungen.pdf
4148,http://gis.kreis-mil.de/bpl/Buergstadt/Gartenstrasse/Festsetzungen.pdf
4149,http://gis.kreis-mil.de/bpl/Buergstadt/Festplatz/Festsetzungen.pdf
19694,http://www.kirchroth.de/pdf/bpl_pillnach_eichenhuegel_plan.pdf
20491,https://www.straubing.de/leben/bauen-und-wohnen/bauleitplanverfahren/bebauungsplaene/3083.Bebauungsplaene.html?detID=569
4699,https://erlangen.de/uwao-api/faila/files/bypath/Dokumente/Maps/Bplan/263.pdf
16167,https://erlangen.de/uwao-api/faila/files/bypath/Dokumente/Maps/Bplan/164.pdf
22646,Dieser Bebauungsplan wurde noch nicht eingescannt
23742,Dieser Bebauungsplan wurde noch nicht eingescannt
23751,Dieser Bebauungsplan wurde noch nicht eingescannt
5134,http://www.landkreis-landshut.de/Bebauungsplaene/Adlkofen/Fehlende_Legende/Legende.pdf
5861,http://www.landkreis-landshut.de/Bebauungsplaene/Vilsbiburg/Veldener_Strasse/Veldener_Strasse/Legende.pdf
5885,http://www.landkreis-landshut.de/Bebauungsplaene/Vilsbiburg/An_der_Frontenhausener_Strasse/An_der_Frontenhausener_Strasse/Legende.pdf
5895,http://www.landkreis-landshut.de/Bebauungsplaene/Vilsbiburg/Schachtengraben/Schachtengraben/Legende.pdf
18199,https://www.neumarkt.de/planen-bauen/stadtentwicklung/bebauungsplaene-bauleitplanung/rechtskraeftige-bauleitplaene/
4786,https://www.dillingen-donau.de/leben/bauen/bebauungsplaene
4787,https://okgis.osrz-akdb.de/abg/downloads/bplan/09772_121_007_000/Festsetzungen.pdf
4788,https://okgis.osrz-akdb.de/abg/downloads/bplan/09772_121_013_000/Festsetzungen.pdf
4789,https://okgis.osrz-akdb.de/abg/downloads/bplan/09772_121_015_000/Festsetzungen.pdf
4791,https://okgis.osrz-akdb.de/abg/downloads/bplan/09772_121_006_000/Festsetzungen.pdf
4793,https://okgis.osrz-akdb.de/abg/downloads/bplan/09772_121_005_000/Festsetzungen.pdf
4795,https://okgis.osrz-akdb.de/abg/downloads/bplan/09772_121_004_000/Festsetzungen.pdf
4796,https://okgis.osrz-akdb.de/abg/downloads/bplan/09772_121_021_000/Festsetzungen.pdf
4797,https://okgis.osrz-akdb.de/abg/downloads/bplan/09772_121_022_000/Festsetzungen.pdf
4798,https://gdiserv.bayern.de/bauleitplanung/
4802,https://gdiserv.bayern.de/bauleitplanung/
4803,https://okgis.osrz-akdb.de/abg/downloads/bplan/09772_121_020_000/Festsetzungen.pdf
4804,https://okgis.osrz-akdb.de/abg/downloads/bplan/09772_121_018_000/Festsetzungen.pdf
4805,https://okgis.osrz-akdb.de/abg/downloads/bplan/09772_121_017_000/Festsetzungen.pdf
4808,https://okgis.osrz-akdb.de/abg/downloads/bplan/09772_121_009_000/Festsetzungen.pdf
4809,https://gdiserv.bayern.de/bauleitplanung/
4810,https://gdiserv.bayern.de/bauleitplanung/
4811,https://okgis.osrz-akdb.de/abg/downloads/bplan/09772_121_008_000/Festsetzungen.pdf
4813,https://okgis.osrz-akdb.de/abg/downloads/bplan/09772_177_054_000/Festsetzungen.pdf
4816,https://okgis.osrz-akdb.de/abg/downloads/bplan/09772_177_061_002/Festsetzungen.pdf
4817,https://okgis.osrz-akdb.de/abg/downloads/bplan/09772_177_060_000/Festsetzungen.pdf
4818,https://okgis.osrz-akdb.de/abg/downloads/bplan/09772_177_056_000/Festsetzungen.pdf
4819,https://okgis.osrz-akdb.de/abg/downloads/bplan/09772_177_002_000/Festsetzungen.pdf
4822,https://okgis.osrz-akdb.de/abg/downloads/bplan/09772_177_044_000/Festsetzungen.pdf
4824,https://okgis.osrz-akdb.de/abg/downloads/bplan/09772_177_048_000/Festsetzungen.pdf
4826,https://okgis.osrz-akdb.de/abg/downloads/bplan/09772_177_012_000/Festsetzungen.pdf
4828,https://gdiserv.bayern.de/bauleitplanung/
4830,https://gdiserv.bayern.de/bauleitplanung/
4832,https://gdiserv.bayern.de/bauleitplanung/
4837,https://gdiserv.bayern.de/bauleitplanung/
4838,https://gdiserv.bayern.de/bauleitplanung/
4840,https://gdiserv.bayern.de/bauleitplanung/
4844,https://gdiserv.bayern.de/bauleitplanung/
4851,https://gdiserv.bayern.de/bauleitplanung/
4853,https://gdiserv.bayern.de/bauleitplanung/
4859,https://gdiserv.bayern.de/bauleitplanung/
4860,https://gdiserv.bayern.de/bauleitplanung/
4865,https://gdiserv.bayern.de/bauleitplanung/
4866,https://gdiserv.bayern.de/bauleitplanung/
4869,https://gdiserv.bayern.de/bauleitplanung/
4883,https://gdiserv.bayern.de/bauleitplanung/
4884,https://gdiserv.bayern.de/bauleitplanung/
4888,https://gdiserv.bayern.de/bauleitplanung/
4890,https://gdiserv.bayern.de/bauleitplanung/
4892,https://gdiserv.bayern.de/bauleitplanung/
4895,https://gdiserv.bayern.de/bauleitplanung/
4896,https://gdiserv.bayern.de/bauleitplanung/
4897,https://gdiserv.bayern.de/bauleitplanung/
4898,https://gdiserv.bayern.de/bauleitplanung/
4899,https://gdiserv.bayern.de/bauleitplanung/
4904,https://gdiserv.bayern.de/bauleitplanung/
4907,https://gdiserv.bayern.de/bauleitplanung/
4908,https://gdiserv.bayern.de/bauleitplanung/
4909,https://gdiserv.bayern.de/bauleitplanung/
5441,https://okgis.osrz-akdb.de/abg/downloads/bplan/09772_115_013_000/Festsetzungen.pdf
5442,https://okgis.osrz-akdb.de/abg/downloads/bplan/09772_115_011_000/Festsetzungen.pdf
5443,https://okgis.osrz-akdb.de/abg/downloads/bplan/09772_115_001_000/Festsetzungen.pdf
5444,https://okgis.osrz-akdb.de/abg/downloads/bplan/09772_115_006_000/Festsetzungen.pdf
5448,https://okgis.osrz-akdb.de/abg/downloads/bplan/09772_115_002_000/Festsetzungen.pdf
5450,https://okgis.osrz-akdb.de/abg/downloads/bplan/09772_115_019_000/Festsetzungen.pdf
5458,https://okgis.osrz-akdb.de/abg/downloads/bplan/09772_115_030_000/Festsetzungen.pdf
5463,https://okgis.osrz-akdb.de/abg/downloads/bplan/09772_216_023_000/Festsetzungen.pdf
5468,https://okgis.osrz-akdb.de/abg/downloads/bplan/09772_216_021_000/Festsetzungen.pdf
5469,https://okgis.osrz-akdb.de/abg/downloads/bplan/09772_216_015_000/Festsetzungen.pdf
5472,https://okgis.osrz-akdb.de/abg/downloads/bplan/09772_115_028_000/Festsetzungen.pdf
5473,https://okgis.osrz-akdb.de/abg/downloads/bplan/09772_137_008_000/Festsetzungen.pdf
5475,https://okgis.osrz-akdb.de/abg/downloads/bplan/09772_115_014_000/Festsetzungen.pdf
5476,https://okgis.osrz-akdb.de/abg/downloads/bplan/09772_137_009_001/Festsetzungen.pdf
5478,https://okgis.osrz-akdb.de/abg/downloads/bplan/09772_115_016_000/Festsetzungen.pdf
5480,https://okgis.osrz-akdb.de/abg/downloads/bplan/09772_137_005_000/Festsetzungen.pdf
5483,https://okgis.osrz-akdb.de/abg/downloads/bplan/09772_156_006_000/Festsetzungen.pdf
5484,https://okgis.osrz-akdb.de/abg/downloads/bplan/09772_145_002_000/Festsetzungen.pdf
5485,https://okgis.osrz-akdb.de/abg/downloads/bplan/09772_156_002_000/Festsetzungen.pdf
5486,https://okgis.osrz-akdb.de/abg/downloads/bplan/09772_156_001_000/Festsetzungen.pdf
5487,https://okgis.osrz-akdb.de/abg/downloads/bplan/09772_145_022_000/Festsetzungen.pdf
5488,https://okgis.osrz-akdb.de/abg/downloads/bplan/09772_145_026_000/Festsetzungen.pdf
5489,https://okgis.osrz-akdb.de/abg/downloads/bplan/09772_145_023_000/Festsetzungen.pdf
5490,https://okgis.osrz-akdb.de/abg/downloads/bplan/09772_145_020_000/Festsetzungen.pdf
5491,https://okgis.osrz-akdb.de/abg/downloads/bplan/09772_145_025_000/Festsetzungen.pdf
5495,https://okgis.osrz-akdb.de/abg/downloads/bplan/09772_156_010_000/Festsetzungen.pdf
5497,https://okgis.osrz-akdb.de/abg/downloads/bplan/09772_156_012_000/Festsetzungen.pdf
5499,https://okgis.osrz-akdb.de/abg/downloads/bplan/09772_156_013_000/Festsetzungen.pdf
5500,https://okgis.osrz-akdb.de/abg/downloads/bplan/09772_171_045_000/Festsetzungen.pdf
5501,https://okgis.osrz-akdb.de/abg/downloads/bplan/09772_171_048_000/Festsetzungen.pdf
5502,https://okgis.osrz-akdb.de/abg/downloads/bplan/09772_121_023_000/Festsetzungen.pdf
5503,https://okgis.osrz-akdb.de/abg/downloads/bplan/09772_171_043_000/Festsetzungen.pdf
5505,https://okgis.osrz-akdb.de/abg/downloads/bplan/09772_171_044_000/Festsetzungen.pdf
5506,https://okgis.osrz-akdb.de/abg/downloads/bplan/09772_121_003_000/Festsetzungen.pdf
5507,https://okgis.osrz-akdb.de/abg/downloads/bplan/09772_121_002_000/Festsetzungen.pdf
5510,https://okgis.osrz-akdb.de/abg/downloads/bplan/09772_145_017_000/Festsetzungen.pdf
5514,https://okgis.osrz-akdb.de/abg/downloads/bplan/09772_145_001_000/Festsetzungen.pdf
5518,https://okgis.osrz-akdb.de/abg/downloads/bplan/09772_145_012_001/Festsetzungen.pdf
5519,https://okgis.osrz-akdb.de/abg/downloads/bplan/09772_145_031_000/Festsetzungen.pdf
5520,https://okgis.osrz-akdb.de/abg/downloads/bplan/09772_145_006_000/Festsetzungen.pdf
5521,https://okgis.osrz-akdb.de/abg/downloads/bplan/09772_171_026_000/Festsetzungen.pdf
5525,https://okgis.osrz-akdb.de/abg/downloads/bplan/09772_171_007_000/Festsetzungen.pdf
5527,https://gdiserv.bayern.de/bauleitplanung/
5530,https://gdiserv.bayern.de/bauleitplanung/
5533,https://okgis.osrz-akdb.de/abg/downloads/bplan/09772_171_009_000/Festsetzungen.pdf
5534,https://okgis.osrz-akdb.de/abg/downloads/bplan/09772_171_021_000/Festsetzungen.pdf
5535,https://okgis.osrz-akdb.de/abg/downloads/bplan/09772_171_004_000/Festsetzungen.pdf
5536,https://okgis.osrz-akdb.de/abg/downloads/bplan/09772_171_022_000/Festsetzungen.pdf
5537,https://gdiserv.bayern.de/bauleitplanung/
5542,https://gdiserv.bayern.de/bauleitplanung/
5543,https://okgis.osrz-akdb.de/abg/downloads/bplan/09772_171_003_000/Festsetzungen.pdf
5544,https://okgis.osrz-akdb.de/abg/downloads/bplan/09772_171_005_000/Festsetzungen.pdf
5548,https://gdiserv.bayern.de/bauleitplanung/
5550,https://gdiserv.bayern.de/bauleitplanung/
5551,https://gdiserv.bayern.de/bauleitplanung/
5552,https://gdiserv.bayern.de/bauleitplanung/
5556,https://gdiserv.bayern.de/bauleitplanung/
5558,https://gdiserv.bayern.de/bauleitplanung/
5559,https://gdiserv.bayern.de/bauleitplanung/
4256,http://www.hemhofen-gemeinde.de/export/download.php?id=1522&lang=de&type=download&object=1522
4258,http://www.hemhofen-gemeinde.de/export/download.php?id=1520&lang=de&type=download&object=1520
4259,http://www.hemhofen-gemeinde.de/export/download.php?id=1410&lang=de&type=download&object=1410
4261,http://www.hemhofen-gemeinde.de/export/download.php?id=1518&lang=de&type=download&object=1518
4264,http://www.hemhofen-gemeinde.de/export/download.php?id=1363&lang=de&type=download&object=1363
4266,http://www.hemhofen-gemeinde.de/export/download.php?id=1542&lang=de&type=download&object=1542
4269,http://www.hemhofen-gemeinde.de/export/download.php?id=1530&lang=de&type=download&object=1530
4272,http://www.hemhofen-gemeinde.de/export/download.php?id=1534&lang=de&type=download&object=1534
4273,http://www.hemhofen-gemeinde.de/export/download.php?id=1528&lang=de&type=download&object=1528
4274,http://www.hemhofen-gemeinde.de/export/download.php?id=1540&lang=de&type=download&object=1540
4488,Dieser Bebauungsplan wurde noch nicht eingescannt
4490,http://www.hemhofen.de/export/download.php?id=1554&lang=de&type=download&object=1554
4491,https://www.moehrendorf.de/rathaus-politik/ortsrecht/bebauungsplaene/19-1
4492,https://erlangen.de/uwao-api/faila/files/bypath/Dokumente/Maps/Bplan/D_265.pdf
4494,https://www.moehrendorf.de/rathaus-politik/ortsrecht/bebauungsplaene/0-1
4497,https://www.moehrendorf.de/rathaus-politik/ortsrecht/bebauungsplaene/19-8
4499,https://www.moehrendorf.de/rathaus-politik/ortsrecht/bebauungsplaene/19-10
4911,Dieser Bebauungsplan wurde noch nicht eingescannt
4922,Dieser Bebauungsplan wurde noch nicht eingescannt
4924,http://gerols01.bn-paf.de/wp-content/uploads/2018/10/Deckblatt-Erweiterung-Sonnleitenring.pdf
4925,Dieser Bebauungsplan wurde noch nicht eingescannt
4927,Dieser Bebauungsplan wurde noch nicht eingescannt
4929,Dieser Bebauungsplan wurde noch nicht eingescannt
4930,Dieser Bebauungsplan wurde noch nicht eingescannt
4933,Dieser Bebauungsplan wurde noch nicht eingescannt
4935,Dieser Bebauungsplan wurde noch nicht eingescannt
5105,http://www.landkreis-landshut.de/Bebauungsplaene/Adlkofen/Fehlende_Legende/Legende.pdf
5107,http://www.landkreis-landshut.de/Bebauungsplaene/Eching/GE_Haselfurth/GE_Haselfurth/Legende.pdf
5109,http://www.landkreis-landshut.de/Bebauungsplaene/Eching/Naherholung_Haselfurth/Naherholung_Haselfurth/Legende.pdf
5111,http://www.landkreis-landshut.de/Bebauungsplaene/Eching/Kuhberg_OT_Berghofen/Kuhberg_OT_Berghofen/Legende.pdf
5113,http://www.landkreis-landshut.de/Bebauungsplaene/Adlkofen/Fehlende_Legende/Legende.pdf
5114,http://www.landkreis-landshut.de/Bebauungsplaene/Eching/GE-Point/GE-Point/Legende.pdf
5117,http://www.landkreis-landshut.de/Bebauungsplaene/Eching/GE-Hanselmuehle-Point/GE-Hanselmuehle-Point/Legende.pdf
5119,http://www.landkreis-landshut.de/Bebauungsplaene/Eching/GE-Hanselmuehle_I/GE-Hanselmuehle_I/Legende.pdf
5121,http://www.landkreis-landshut.de/Bebauungsplaene/Eching/An_der_Schule_OT_Kronwinkl/An_der_Schule_OT_Kronwinkl/Legende.pdf
5124,http://www.landkreis-landshut.de/Bebauungsplaene/Eching/GE-Hanselmuehle/GE-Hanselmuehle/Legende.pdf
5126,http://www.landkreis-landshut.de/Bebauungsplaene/Adlkofen/Fehlende_Legende/Legende.pdf
5127,http://www.landkreis-landshut.de/Bebauungsplaene/Eching/Viecht-Bachstrasse/Viecht-Bachstrasse/Legende.pdf
5130,http://www.landkreis-landshut.de/Bebauungsplaene/Eching/An_der_kleinen_Sempt/An_der_kleinen_Sempt/Legende.pdf
5137,http://www.landkreis-landshut.de/Bebauungsplaene/Eching/Haarpoint/Haarpoint/Legende.pdf
5138,http://www.landkreis-landshut.de/Bebauungsplaene/Eching/Viecht-Unterfeld/Viecht-Unterfeld/Legende.pdf
5139,http://www.landkreis-landshut.de/Bebauungsplaene/Adlkofen/Fehlende_Legende/Legende.pdf
5142,http://www.landkreis-landshut.de/Bebauungsplaene/Bruckberg/Ortsabrundung_suedliche_Jaegerstrasse/Ortsabrundung_suedliche_Jaegerstrasse/Legende.pdf
5143,http://www.landkreis-landshut.de/Bebauungsplaene/Bruckberg/Industriestrasse/Industriestrasse/Legende.pdf
5147,http://www.landkreis-landshut.de/Bebauungsplaene/Bruckberg/GE_Edlkofen/GE_Edlkofen/Legende.pdf
5149,http://www.landkreis-landshut.de/Bebauungsplaene/Bruckberg/Plantagenstrasse_Lueckenschliessungssatzung/Plantagenstrasse_Lueckenschliessungssatzung/Legende.pdf
5150,http://www.landkreis-landshut.de/Bebauungsplaene/Bruckberg/Bimstiegel/Bimstiegel/Legende.pdf
5152,http://www.landkreis-landshut.de/Bebauungsplaene/Bruckberg/Edlkofen-Ost/Edlkofen-Ost/Legende.pdf
5153,http://www.landkreis-landshut.de/Bebauungsplaene/Bruckberg/Zotterfeld_Aussenbereichssatzung/Zotterfeld_Aussenbereichssatzung/Legende.pdf
5156,http://www.landkreis-landshut.de/Bebauungsplaene/Bruckberg/Breitenau/Breitenau/Legende.pdf
5162,http://www.landkreis-landshut.de/Bebauungsplaene/Bruckberg/Bruckberg-II/Bruckberg-II/Legende.pdf
5174,http://www.landkreis-landshut.de/Bebauungsplaene/Tiefenbach/Kreisstrasse_LA17_Schlossfeld_Mohrfeld/Kreisstrasse_LA17_Schlossfeld_Mohrfeld/Legende.pdf
5175,http://www.landkreis-landshut.de/Bebauungsplaene/Tiefenbach/Heidenkam/Heidenkam/Legende.pdf
5179,http://www.landkreis-landshut.de/Bebauungsplaene/Tiefenbach/Dorfanger_Heidenkam/Dorfanger_Heidenkam/Legende.pdf
5182,http://www.landkreis-landshut.de/Bebauungsplaene/Tiefenbach/Gewerbegebiet_Asper/Gewerbegebiet_Asper/Legende.pdf
5186,http://www.landkreis-landshut.de/Bebauungsplaene/Tiefenbach/Schmiedfeld/Schmiedfeld/Legende.pdf
5189,http://www.landkreis-landshut.de/Bebauungsplaene/Tiefenbach/Ortsabrundungssatzung_Mittergolding-Untergolding/Ortsabrundungssatzung_Mittergolding-Untergolding/Legende.pdf
5193,http://www.landkreis-landshut.de/Bebauungsplaene/Kumhausen/Thurmeierwiese/Thurmeierwiese/Legende.pdf
5194,http://www.landkreis-landshut.de/Bebauungsplaene/Tiefenbach/Point_II/Point_II/Legende.pdf
5195,http://www.landkreis-landshut.de/Bebauungsplaene/Kumhausen/Kumpfmuehle/Kumpfmuehle/Legende.pdf
5196,http://www.landkreis-landshut.de/Bebauungsplaene/Kumhausen/Seepoint/Seepoint/Legende.pdf
5197,http://www.landkreis-landshut.de/Bebauungsplaene/Kumhausen/Bergstrasse/Bergstrasse/Legende.pdf
5198,http://www.landkreis-landshut.de/Bebauungsplaene/Tiefenbach/Siedlung_Tiefenbach/Siedlung_Tiefenbach/Legende.pdf
5200,http://www.landkreis-landshut.de/Bebauungsplaene/Geisenhausen/Theobaldshoehe-Sued/Theobaldshoehe-Sued/Legende.pdf
5201,http://www.landkreis-landshut.de/Bebauungsplaene/Geisenhausen/Hopfengarten/Hopfengarten/Legende.pdf
5202,http://www.landkreis-landshut.de/Bebauungsplaene/Geisenhausen/An_der_Lockerlgasse/An_der_Lockerlgasse/Legende.pdf
5204,http://www.landkreis-landshut.de/Bebauungsplaene/Geisenhausen/Theobaldshoehe/Theobaldshoehe/Legende.pdf
5205,http://www.landkreis-landshut.de/Bebauungsplaene/Geisenhausen/Grandauer_Berg/Grandauer_Berg/Legende.pdf
5207,http://www.landkreis-landshut.de/Bebauungsplaene/Geisenhausen/Ziegeleigelaende/Ziegeleigelaende/Legende.pdf
5208,http://www.landkreis-landshut.de/Bebauungsplaene/Geisenhausen/Poststrasse/Poststrasse/Legende.pdf
5211,http://www.landkreis-landshut.de/Bebauungsplaene/Geisenhausen/Viktoriastrasse/Viktoriastrasse/Legende.pdf
5212,http://www.landkreis-landshut.de/Bebauungsplaene/Geisenhausen/Fimbacher_Feld/Fimbacher_Feld/Legende.pdf
5213,http://www.landkreis-landshut.de/Bebauungsplaene/Geisenhausen/Geisenhausen-Ost/Geisenhausen-Ost/Legende.pdf
5214,http://www.landkreis-landshut.de/Bebauungsplaene/Geisenhausen/Gewerbegebiet_Kreuzfeld/Gewerbegebiet_Kreuzfeld/Legende.pdf
5215,http://www.landkreis-landshut.de/Bebauungsplaene/Geisenhausen/Pfarrfeld/Pfarrfeld/Legende.pdf
5216,http://www.landkreis-landshut.de/Bebauungsplaene/Geisenhausen/Brunnfeld/Brunnfeld/Legende.pdf
5221,http://www.landkreis-landshut.de/Bebauungsplaene/Kumhausen/Windschnur/Windschnur/Legende.pdf
5223,http://www.landkreis-landshut.de/Bebauungsplaene/Kumhausen/Schlossacker/Schlossacker/Legende.pdf
5224,http://www.landkreis-landshut.de/Bebauungsplaene/Kumhausen/Seeanner-Wiese/Seeanner-Wiese/Legende.pdf
5225,http://www.landkreis-landshut.de/Bebauungsplaene/Adlkofen/Fehlende_Legende/Legende.pdf
5227,http://www.landkreis-landshut.de/Bebauungsplaene/Adlkofen/Fehlende_Legende/Legende.pdf
5229,http://www.landkreis-landshut.de/Bebauungsplaene/Kumhausen/Kellenbach/Kellenbach/Legende.pdf
5230,http://www.landkreis-landshut.de/Bebauungsplaene/Kumhausen/Hohenegglkofen_Sued/Hohenegglkofen_Sued/Legende.pdf
5233,http://www.landkreis-landshut.de/Bebauungsplaene/Geisenhausen/An_der_Irlacher_Strasse/An_der_Irlacher_Strasse/Legende.pdf
5235,http://www.landkreis-landshut.de/Bebauungsplaene/Vilsbiburg/Seyboldsdorf_Sued/Seyboldsdorf_Sued/Legende.pdf
5237,http://www.landkreis-landshut.de/Bebauungsplaene/Vilsbiburg/Seyboldsdorf_Graf-Ludwig-Strasse/Seyboldsdorf_Graf-Ludwig-Strasse/Legende.pdf
5240,http://www.landkreis-landshut.de/Bebauungsplaene/Gerzen/Lichtenhaag-Sued_Teil_I/Lichtenhaag-Sued_Teil_I/Legende.pdf
5241,http://www.landkreis-landshut.de/Bebauungsplaene/Gerzen/Brunnacker_in_Lichtenhaag/Brunnacker_in_Lichtenhaag/Legende.pdf
5244,http://www.landkreis-landshut.de/Bebauungsplaene/Kroening/Dietelskirchen_im_Feld_I/Dietelskirchen_im_Feld_I/Legende.pdf
5247,http://www.landkreis-landshut.de/Bebauungsplaene/Schalkham/OAS_Johannesbrunn/OAS_Johannesbrunn/Legende.pdf
5248,http://www.landkreis-landshut.de/Bebauungsplaene/Schalkham/Ortsabrundungssatzung_OT_Leberskirchen/Ortsabrundungssatzung_OT_Leberskirchen/Legende.pdf
5254,http://www.landkreis-landshut.de/Bebauungsplaene/Adlkofen/Fehlende_Legende/Legende.pdf
5256,http://www.landkreis-landshut.de/Bebauungsplaene/Gerzen/An_der_Resenoedstrasse/An_der_Resenoedstrasse/Legende.pdf
5257,http://www.landkreis-landshut.de/Bebauungsplaene/Gerzen/Gewerbegebiet_Ziegeleigelaende/Gewerbegebiet_Ziegeleigelaende/Legende.pdf
5258,http://www.landkreis-landshut.de/Bebauungsplaene/Gerzen/Dendl-Siedlung/Dendl-Siedlung/Legende.pdf
5259,http://www.landkreis-landshut.de/Bebauungsplaene/Gerzen/Am_Sportplatz/Am_Sportplatz/Legende.pdf
4462,http://www.kreis-nea.de/bpl/Scheinfeld/BPlan-Scheinfeld-S%C3%BCd-000.pdf
4463,http://www.kreis-nea.de/bpl/Scheinfeld/BPlan-Scheinfeld-HohlweilerM%C3%BChlwegII-000.pdf
4464,http://www.kreis-nea.de/bpl/Scheinfeld/BPlan-Scheinfeld-Am_Schelmsgraben-000.pdf
4465,http://www.kreis-nea.de/bpl/Scheinfeld/BPlan-Scheinfeld-Am_alten_Berg-006-002.pdf
4468,http://www.kreis-nea.de/BPL/Scheinfeld/BPlan-Scheinfeld-LerchenbuehlII-000.pdf
4469,http://www.kreis-nea.de/bpl/Scheinfeld/BPlan-Scheinfeld-Am_M%C3%B6rdersberg-000.pdf
4474,Dieser Bebauungsplan wurde noch nicht eingescannt
4475,http://www.uehlfeld.de/attachments/article/70/BPL%20Uehl.%203%20Am%20Pfarrgarten%20Bauvorschriften.pdf
4477,Dieser Bebauungsplan wurde noch nicht eingescannt
4478,http://www.uehlfeld.de/attachments/article/70/BPL%20Uehl.%201%20Am%20Schleifweg%20Plan%20und%20Text.pdf
4615,http://www.kreis-nea.de/bpl/Langenfeld/BPlan_Langenfeld_004_000_000.pdf
4617,http://www.kreis-nea.de/bpl/Diespeck/Bebauungsplan%20Industriegel%C3%A4nde%20Gemeinde%20St%C3%BCbach.PDF
4618,http://www.kreis-nea.de/bpl/Diespeck/Bebauungsplan%20Industriegel%C3%A4nde%20Gemeinde%20St%C3%BCbach.PDF
4620,http://www.kreis-nea.de/bpl/Baudenbach/BPlan-Baudenbach-004-000-000.PDF
4621,http://www.kreis-nea.de/bpl/Diespeck/Bebauungsplan%20Diespeck%20Nr.%204.PDF
4622,http://www.kreis-nea.de/bpl/Diespeck/Bebauungsplan%20Diespeck%20Nr.%201.PDF
4623,http://www.kreis-nea.de/bpl/Diespeck/Bebauungsplan%20Diespeck%20Nr.%209.PDF
4625,Dieser Bebauungsplan wurde noch nicht eingescannt
4628,Dieser Bebauungsplan wurde noch nicht eingescannt
4629,Dieser Bebauungsplan wurde noch nicht eingescannt
4630,Dieser Bebauungsplan wurde noch nicht eingescannt
4632,Dieser Bebauungsplan wurde noch nicht eingescannt
4633,Dieser Bebauungsplan wurde noch nicht eingescannt
4634,Dieser Bebauungsplan wurde noch nicht eingescannt
4635,Dieser Bebauungsplan wurde noch nicht eingescannt
4637,Dieser Bebauungsplan wurde noch nicht eingescannt
4641,Dieser Bebauungsplan wurde noch nicht eingescannt
4645,Dieser Bebauungsplan wurde noch nicht eingescannt
4646,Dieser Bebauungsplan wurde noch nicht eingescannt
4667,Dieser Bebauungsplan wurde noch nicht eingescannt
